cluster,age,income,total_transactions,total_amount_spent,offers_received,offers_viewed,offers_completed,cluster_name
0,53.94902497434143,58711.59767362299,4.791994526171742,36.99162846390694,5.1679781046869655,4.042764283270612,2.0732124529592886,Low-Engagement Customers
1,60.527798098024874,78142.28237015363,10.406364301389905,265.41306144842724,5.247988295537674,4.546452084857352,8.25091441111924,High-Value Loyalists
2,47.825177076625884,52352.543464262715,6.350611719253059,44.56162266580811,3.4188667095943335,2.0421764327108822,1.5550547327752737,Low-Spend Infrequent Users
3,65.25188916876574,87888.2241813602,5.7610201511335015,128.9182147355164,3.966309823677582,2.772670025188917,4.711586901763225,Affluent Moderates
4,43.81944928546532,49272.9173928198,15.100034855350296,122.13776228651098,4.79505054025793,3.627047751829906,5.711397699546881,Frequent Low-Spenders
